movie_id,author,user_rating
950396,Manuel S√£o Bento,7.0
950396,Yohan Yukiya Sese Cuneta ÏÇ¨ÏöîÌïú,9.0
950396,Chandler Danier,5.0
950396,RalphRahal,7.0
950396,MovieGuys,7.0
1126166,r96sk,7.0
1126166,CinemaSerf,6.0
1126166,No,
1126166,RalphRahal,3.0
1126166,Manuel S√£o Bento,1.0
1064213,Brent Marchant,6.0
1064213,CinemaSerf,7.0
1064213,RalphRahal,7.0
1064213,r96sk,10.0
762509,r96sk,8.0
762509,CinemaSerf,6.0
762509,Dean,10.0
1241982,CinemaSerf,7.0
1241982,Aless Saulea,9.0
939243,CinemaSerf,6.0
939243,Chandler Danier,8.0
939243,kaiserimpaxct908,
822119,r96sk,6.0
822119,CinemaSerf,6.0
822119,Manuel S√£o Bento,7.0
823219,Manuel S√£o Bento,8.0
823219,Pontus Kj√§llman,5.0
823219,Brent Marchant,8.0
927342,moviepoptime,
696506,Manuel S√£o Bento,7.0
696506,Brent Marchant,9.0
926670,pcmv,1.0
926670,CinemaSerf,5.0
1084199,Manuel S√£o Bento,7.0
1084199,r96sk,9.0
1084199,CinemaSerf,7.0
1084199,RalphRahal,7.0
912649,r96sk,7.0
912649,Mangoturtle,2.0
912649,CinemaSerf,6.0
912649,TurkBinge,
912649,Chandler Danier,9.0
912649,MovieGuys,6.0
912649,watchnrant,
539972,r96sk,4.0
539972,CinemaSerf,6.0
539972,Chandler Danier,6.0
539972,jafranklin77,
539972,MovieGuys,6.0
539972,Dornail,7.0
558449,Manuel S√£o Bento,8.0
558449,Dean,1.0
558449,griggs79,8.0
558449,r96sk,9.0
558449,CinemaSerf,6.0
558449,DWP,7.0
558449,Chris Sawin,5.0
558449,GenerationofSwine,1.0
558449,MovieGuys,5.0
558449,Elif Duru Alaca,9.0
558449,Chandler Danier,4.0
558449,RalphRahal,5.0
558449,FerdinandoLM,4.0
933260,Manuel S√£o Bento,8.0
933260,good.film,
933260,griggs79,10.0
933260,Brent Marchant,4.0
933260,CinemaSerf,7.0
933260,r96sk,9.0
933260,badelf,9.0
933260,VicSur,9.0
933260,MovieGuys,7.0
933260,RalphRahal,2.0
933260,kodkuce,1.0
933260,FerdinandoLM,
1064486,good.film,
1064486,Chris Sawin,9.0
1064486,CinemaSerf,7.0
774370,CinemaSerf,7.0
774370,Horseface,7.0
1226406,r96sk,8.0
1226406,Chris Sawin,2.0
1226406,CinemaSerf,5.0
1226406,RalphRahal,1.0
1226406,Manuel S√£o Bento,3.0
1140535,r96sk,7.0
1140535,CinemaSerf,6.0
1140535,Manuel S√£o Bento,8.0
1140535,Brent Marchant,4.0
1140535,Chris Sawin,5.0
1140535,RalphRahal,6.0
1140535,Dean,5.0
1357633,CinemaSerf,7.0
549509,Brent Marchant,8.0
549509,CinemaSerf,7.0
549509,Chandler Danier,8.0
549509,Manuel S√£o Bento,7.0
549509,r96sk,10.0
974576,Brent Marchant,6.0
974576,Manuel S√£o Bento,9.0
974576,r96sk,8.0
974576,CinemaSerf,7.0
974576,Shelbyq96,9.0
974576,TheRealMina,1.0
402431,Chris Sawin,2.0
402431,Almando,10.0
402431,CinemaSerf,7.0
402431,Brent Marchant,10.0
402431,r96sk,8.0
402431,good.film,
402431,Manuel S√£o Bento,8.0
402431,rssp55,8.0
402431,RalphRahal,7.0
1184918,Brent Marchant,7.0
1184918,good.film,
1184918,CinemaSerf,7.0
1184918,Manuel S√£o Bento,9.0
1184918,BiankaMalburg,9.0
1184918,FerdinandoLM,9.0
519182,Hotplix,8.0
519182,Chris Sawin,
519182,TheSceneSnobs,6.0
519182,CinemaSerf,6.0
519182,Louisa Moore - Screen Zealots,3.0
519182,Louisa Moore - Screen Zealots,3.0
519182,UWotMatez,3.0
519182,Josh,2.0
993710,Manuel S√£o Bento,2.0
993710,MovieGuys,6.0
993710,r96sk,6.0
1410082,MovieGuys,5.0
533535,shammahrashad,6.0
533535,r96sk,9.0
533535,Chris Sawin,8.0
533535,Brent Marchant,6.0
533535,tmdb78465292,10.0
533535,CinemaSerf,7.0
533535,TheSceneSnobs,8.0
533535,GenerationofSwine,10.0
533535,JPV852,7.0
533535,Pringo,10.0
533535,DonGable,4.0
533535,aGoryLouie,8.0
533535,davidrobitaille,10.0
533535,tmdb51616167,9.0
533535,albuainain,7.0
533535,immortal101,
533535,rvsxwgn64,
533535,Chandler Danier,6.0
533535,liabeth,6.0
533535,watchnrant,8.0
661539,CinemaSerf,7.0
661539,Brent Marchant,6.0
661539,r96sk,8.0
1035048,MovieGuys,6.0
1022789,Hotplix,8.0
1022789,garethmb,
1022789,CinemaSerf,6.0
1022789,Chris Sawin,5.0
1022789,MannyD,
1022789,heyitsmestoney,7.0
1022789,TheSceneSnobs,8.0
1022789,minion196,
1022789,moviepoptime,
516729,CinemaSerf,7.0
516729,Chris Sawin,8.0
845781,CinemaSerf,6.0
845781,Manuel S√£o Bento,4.0
845781,r96sk,7.0
845781,Wuchak,9.0
845781,RalphRahal,2.0
1010581,CinemaSerf,5.0
426063,Narate,7.0
426063,r96sk,7.0
426063,2handgrip,
426063,CinemaSerf,7.0
426063,Chandler Danier,6.0
426063,MllwAlms,10.0
426063,Kali,8.0
426063,Dean,7.0
426063,MovieGuys,7.0
426063,RalphRahal,5.0
426063,Wuchak,7.0
839033,CinemaSerf,6.0
85,tmdb39513728,
85,Gimly,7.0
85,Kamurai,7.0
85,John Critic,10.0
85,CinemaSerf,7.0
411,r96sk,9.0
411,MustachedMovieMan,10.0
411,CinemaSerf,7.0
411,RalphRahal,7.0
710295,Chris Sawin,4.0
710295,CinemaSerf,6.0
710295,Manuel S√£o Bento,4.0
573435,CinemaSerf,7.0
573435,r96sk,7.0
573435,TheSceneSnobs,7.0
573435,GenerationofSwine,1.0
573435,MovieGuys,6.0
573435,Louisa Moore - Screen Zealots,9.0
573435,Chandler Danier,9.0
573435,Per Gunnar Jonsson,6.0
808,Cwf97,10.0
808,GenerationofSwine,10.0
808,Ìï∏ÌÇ§,9.0
808,CinemaSerf,7.0
1043905,MovieGuys,4.0
1118031,MovieGuys,5.0
1124620,r96sk,7.0
1124620,Manuel S√£o Bento,4.0
1124620,CinemaSerf,6.0
299536,Simon Foster,
299536,furious_iz,10.0
299536,Gimly,8.0
299536,tmdb15214618,4.0
299536,Ch Walid,9.5
299536,hs.rohit,
299536,Movie Queen41,8.0
299536,jmquint00,10.0
299536,Wuchak,6.0
299536,Santosh,10.0
299536,uridon,1.0
299536,tmdb44006625,7.0
299536,sandrakuc,10.0
299536,StevenGarcia,
299536,AndrewMartinez,
299536,KennethRobinson,
299536,GeorgeClark,
299536,KevinRodriguez1,
299536,BrianLewis,
299536,EdwardLee,
921436,MovieGuys,7.0
995926,MovieGuys,7.0
1097549,nicolascaramella,
1097549,CinemaSerf,6.0
1097549,r96sk,5.0
1097549,Admiral Toad,4.0
1097549,RalphRahal,2.0
945961,r96sk,8.0
945961,CinemaSerf,7.0
945961,MovieGuys,6.0
945961,Louisa Moore - Screen Zealots,
945961,Manuel S√£o Bento,7.0
945961,Mister BLAQK,7.0
945961,Dean,10.0
945961,Rolpbert,5.0
945961,cineast78,8.0
945961,kevin2019,6.0
945961,JPV852,7.0
945961,RoRo Nereus,4.0
970450,MovieGuys,4.0
157336,Reno,9.0
157336,decovision,9.5
157336,Andres Gomez,7.0
157336,Asadullah Khan,10.0
157336,shaunfrombklyn,10.0
157336,Per Gunnar Jonsson,4.0
157336,akashmahajan,
157336,sybddlatfu,
157336,Matthew Brady,9.0
157336,Peter McGinn,9.0
157336,kheirnandez,10.0
157336,lowkimhoe,9.0
157336,CinemaSerf,7.0
157336,tropicalicecedar,
157336,r96sk,10.0
157336,madriyanto,9.0
157336,RalphRahal,10.0
385687,Manuel S√£o Bento,6.0
385687,Ritesh Mohapatra,
385687,davlaga,
385687,CinemaSerf,6.0
385687,MovieGuys,2.0
385687,r96sk,9.0
385687,r96sk,9.0
385687,TheRealMina,1.0
385687,Louisa Moore - Screen Zealots,5.0
385687,JPV852,5.0
385687,Per Gunnar Jonsson,7.0
385687,Chandler Danier,5.0
1114894,batchelorjt,1.0
1114894,Brent Marchant,2.0
1114894,MovieGuys,2.0
1114894,misubisu,1.0
1100782,Manuel S√£o Bento,8.0
1100782,r96sk,
1100782,No,
1100782,Sejian,8.0
1100782,Dean,10.0
1100782,RalphRahal,7.0
1100782,Narate,8.0
799766,CinemaSerf,7.0
693134,Manuel S√£o Bento,10.0
693134,r96sk,9.0
693134,CinemaSerf,7.0
693134,biancarockr,9.0
693134,Chandler Danier,9.0
693134,justhappytobehere,8.0
693134,Roberta1970,8.0
693134,dumasori,7.0
693134,MovieGuys,7.0
693134,m_u_m_u,9.0
693134,Brent Marchant,2.0
693134,TheSceneSnobs,10.0
693134,HappyPagan,10.0
693134,tmdb51616167,8.0
10192,John Chard,7.0
10192,ohlalipop,7.0
1000837,Brent Marchant,10.0
1000837,CinemaSerf,7.0
1000837,r96sk,8.0
974950,CinemaSerf,7.0
974950,Brent Marchant,3.0
974950,good.film,
974950,GenerationofSwine,1.0
974950,r96sk,8.0
1034541,CinemaSerf,7.0
1034541,r96sk,7.0
1034541,VicSur,9.0
1034541,DWP,6.0
1034541,RoRo Nereus,3.0
1029235,Manuel S√£o Bento,7.0
1029235,Dean,3.0
1029235,RalphRahal,6.0
698687,CinemaSerf,7.0
698687,moviepoptime,
698687,r96sk,8.0
597,John Chard,9.0
597,CinemaSerf,7.0
597,Antoine53,
597,Nathan,10.0
597,Prodank,7.0
597,RalphRahal,9.0
597,ephraimk,8.0
1138194,CinemaSerf,7.0
1138194,griggs79,7.0
1138194,garethmb,
1138194,Brent Marchant,2.0
1138194,Chris Sawin,5.0
809,John,8.0
809,CinemaSerf,7.0
238,futuretv,10.0
238,crastana,10.0
238,drystyx,1.0
238,CinemaSerf,7.0
238,Surya,9.0
238,RalphRahal,10.0
278,elshaarawy,9.0
278,John Chard,10.0
278,tmdb73913433,6.0
278,thommo_nz,10.0
278,Andrew Gentry,
278,Matthew Dixon,
278,JPV852,10.0
278,L∆õ»§∆õ∆¶Í™°∆¨∆ë,
278,drystyx,3.0
278,Sanjeev0805,
278,CinemaSerf,8.0
278,dumasori,9.0
278,Angel Rodr√≠guez,10.0
278,khanz1,
278,Leezan,10.0
278,sachin_13,
278,RalphRahal,10.0
1005331,aholejones,1.0
1005331,dumasori,1.0
1005331,RalphRahal,7.0
1005331,Chandler Danier,6.0
1005331,griggs79,5.0
1005331,r96sk,9.0
1005331,Narate,7.0
120,NeoBrowser,10.0
120,gdeveloper,10.0
120,Wuchak,7.0
120,LadyGreenEyes,8.0
120,JPV852,9.0
120,Peter McGinn,8.0
120,r96sk,10.0
120,drystyx,10.0
120,CinemaSerf,8.0
829557,r96sk,3.0
829557,Nicola_Perillo,1.0
829557,wogelib503,
829557,tmdb51616167,1.0
671,John Chard,8.0
671,Venti_Pro,
671,Nathan,8.0
671,CinemaSerf,7.0
1302916,Chris Sawin,2.0
1302916,CinemaSerf,7.0
1280672,Manuel S√£o Bento,7.0
1280672,r96sk,7.0
929204,CinemaSerf,7.0
929204,MovieGuys,8.0
7451,CinemaSerf,6.0
76600,The Movie Mob,6.0
76600,Manuel S√£o Bento,7.0
76600,tmdb45226627,8.0
76600,TimeZone,10.0
76600,Chris Sawin,4.0
76600,Chris Sawin,4.0
76600,Chris Sawin,4.0
76600,strayndger,8.0
76600,CinemaSerf,7.0
76600,Dragi Postolovski,
76600,Nathan,
76600,Kay Cee,
76600,Appfel,10.0
76600,Crazypiglady,6.0
76600,MovieGuys,4.0
76600,JonathanWiddup,9.0
76600,Tamir Herman,
76600,Per Gunnar Jonsson,7.0
76600,pimpskitters,4.0
76600,@that_movie_geek,5.0
155,tricksy,
155,talisencrw,10.0
155,erickprieto,
155,moubledian,
155,tmdb22590444,10.0
155,tmdb79614358,10.0
155,EDSR,3.0
155,AstroNoud,10.0
155,CinemaSerf,7.0
155,The Movie Mob,10.0
155,drystyx,1.0
155,Andre Gonzales,7.0
155,James,8.0
155,maxim,10.0
155,RalphRahal,10.0
1272149,CinemaSerf,7.0
1272149,r96sk,7.0
810,CinemaSerf,6.0
1011985,Chris Sawin,6.0
1011985,CinemaSerf,6.0
1011985,dumasori,2.0
1011985,Chandler Danier,8.0
1011985,Sejian,6.0
1011985,r96sk,7.0
1051896,MovieGuys,7.0
1051896,CinemaSerf,7.0
1051896,TheSceneSnobs,5.0
1051896,Chandler Danier,10.0
24428,tmdb87069603,8.0
24428,Gimly,9.0
24428,Per Gunnar Jonsson,
24428,tmdb44006625,8.0
24428,E.J. Cummings,8.5
24428,John Chard,9.0
24428,Justin Lopez,
24428,LoganWright,
24428,BradleyStewart,
24428,Jane Hall,
24428,JessieCollins,
24428,John Smith,
24428,Justin Lopez,
24428,1RobertJohnson1,
24428,MichaelWilliams,
24428,WilliamJones,
24428,DavidBrown1,
24428,JosephWilson,
24428,richardmiller,
24428,ThomasMoore,
335984,Simon Foster,
335984,tmdb15214618,8.0
335984,Frank Ochieng,
335984,Mex5150,4.0
335984,Gimly,8.0
335984,Per Gunnar Jonsson,6.0
335984,Dean,4.0
335984,renzo-benzo,3.0
335984,The Movie Mob,7.0
335984,CinemaSerf,7.0
335984,madmonk,7.0
335984,GenerationofSwine,1.0
198663,Andres Gomez,5.0
198663,CharlesTheBold,
198663,Per Gunnar Jonsson,7.0
198663,Trazbor O'Gukguk,1.0
198663,Gimly,6.0
198663,jhpae,
198663,CinemaSerf,7.0
198663,RalphRahal,8.0
675353,CinemaSerf,7.0
675353,Manuel S√£o Bento,7.0
675353,Chris Sawin,8.0
675353,beyondthecineramadome,3.0
675353,Per Gunnar Jonsson,8.0
675353,Robbie Grawey,
675353,The Movie Mob,7.0
675353,tmdb47940942,8.0
361743,r96sk,9.0
361743,Manuel S√£o Bento,9.0
361743,tmdb20895531,5.0
361743,CinemaSerf,7.0
361743,Chris Sawin,6.0
361743,mackenly,
361743,JustEntertainment,10.0
361743,T,10.0
361743,MovieGuys,10.0
361743,The Movie Mob,10.0
361743,KVNNBH,10.0
361743,Kay Cee,8.0
361743,Robbie Grawey,
361743,rhenfla0312,
361743,JPV852,8.0
361743,Nathan,9.0
361743,GenerationofSwine,10.0
361743,SputnikGalaxyWatcher,
361743,madriyanto,
361743,cineast78,8.0
122,NeoBrowser,10.0
122,Wuchak,5.0
122,JPV852,10.0
122,r96sk,10.0
122,pokycoder,
122,drystyx,10.0
122,CinemaSerf,8.0
653346,Manuel S√£o Bento,7.0
653346,CinemaSerf,7.0
653346,r96sk,6.0
653346,Midi-chlorian_Count,6.0
653346,Hotplix,8.0
653346,MovieGuys,6.0
653346,TheSceneSnobs,7.0
653346,aGoryLouie,6.0
653346,Chandler Danier,5.0
653346,kevin2019,8.0
634649,garethmb,
634649,Manuel S√£o Bento,9.0
634649,RADIO1'S MR. MOVIE!-MAD AMI üå†,10.0
634649,Chris Sawin,8.0
634649,T D Heath,9.0
634649,sauceopet,10.0
634649,r96sk,10.0
634649,Adriano,10.0
634649,JPV852,8.0
634649,Per Gunnar Jonsson,5.0
634649,Nathan,9.0
634649,YourAustin,10.0
634649,The Movie Mob,10.0
634649,tmdb28039023,1.0
634649,EenNederlandseJongen,10.0
1078600,CinemaSerf,5.0
1013850,Brent Marchant,7.0
1013850,Chris Sawin,7.0
1013850,Chandler Danier,8.0
1013850,CinemaSerf,7.0
1013850,r96sk,7.0
1216191,Sejian,5.0
502356,Chris Sawin,5.0
502356,CinemaSerf,6.0
502356,Manuel S√£o Bento,8.0
502356,rsanek,9.0
502356,Nathan,7.0
502356,holdenc,10.0
502356,Per Gunnar Jonsson,6.0
502356,YouShouldKnow,7.0
502356,pimpskitters,5.0
502356,r96sk,7.0
502356,tmdb47940942,8.0
502356,ViolettSmith,8.0
786892,Ritesh Mohapatra,
786892,Manuel S√£o Bento,7.0
786892,CinemaSerf,7.0
786892,MovieGuys,6.0
786892,r96sk,8.0
786892,JP Hastings-Spital,
786892,Chandler Danier,8.0
786892,TheSceneSnobs,5.0
786892,Cuzzin Coo,
786892,Louisa Moore - Screen Zealots,5.0
786892,JPV852,6.0
786892,Mangoturtle,8.0
786892,Per Gunnar Jonsson,9.0
786892,kevin2019,6.0
1159311,CinemaSerf,7.0
592695,r96sk,7.0
569094,garethmb,
569094,CinemaSerf,6.0
569094,Manuel S√£o Bento,8.0
569094,Chris Sawin,7.0
569094,GenerationofSwine,10.0
569094,akarshv,
569094,Louisa Moore - Screen Zealots,9.0
569094,ElbekAzimjonov7,10.0
569094,James,6.0
569094,r96sk,8.0
27205,ohlalipop,
27205,tmdb44006625,8.0
27205,Varya,
27205,Matthew Brady,9.0
27205,Adam Rife,
27205,Andre Gonzales,7.0
27205,Roomiqbal,
27205,Rohit Kabdwal,
1196470,MovieGuys,6.0
1196470,CinemaSerf,5.0
748783,CinemaSerf,6.0
748783,dorran,3.0
748783,Manuel S√£o Bento,7.0
748783,Hotplix,7.0
748783,TheSceneSnobs,7.0
748783,Narate,7.0
218,John Chard,9.0
218,Jodie,10.0
218,Gimly,9.0
218,Kamurai,6.0
218,GenerationofSwine,10.0
218,The Movie Mob,9.0
218,CinemaSerf,7.0
218,Narate,10.0
823464,Manuel S√£o Bento,7.0
823464,NghiaLuong,
823464,CinemaSerf,6.0
823464,r96sk,5.0
823464,ultra1967,7.0
823464,MovieGuys,6.0
823464,dumasori,3.0
823464,Sejian,6.0
823464,Denishux,6.0
823464,JPV852,7.0
823464,whitsbrain,4.0
823464,TheSceneSnobs,6.0
823464,Cuzzin Coo,4.0
823464,Per Gunnar Jonsson,8.0
823464,UWotMatez,1.0
823464,kevin2019,8.0
1182387,MovieGuys,3.0
872585,Manuel S√£o Bento,8.0
872585,fireheart92,10.0
872585,Brent Marchant,9.0
872585,CinemaSerf,7.0
872585,tropicalicecedar,
872585,rsanek,8.0
872585,Louisa Moore - Screen Zealots,8.0
872585,Thulan Perera,9.0
872585,Sarthak Bharad,10.0
872585,aGoryLouie,
872585,Peter McGinn,7.0
872585,TheRealMina,2.0
872585,misubisu,1.0
872585,Per Gunnar Jonsson,5.0
872585,badelf,8.0
872585,Amiiae011,10.0
872585,Christopher,
872585,aarsheeb,
872585,r96sk,9.0
872585,Bishoy017,5.0
795514,Giovanni,8.0
496243,SWITCH.,10.0
496243,Sheldon Nylander,10.0
496243,Saru,4.0
496243,tmdb39513728,10.0
496243,Matthew Brady,9.0
496243,Manuel S√£o Bento,10.0
496243,JPV852,7.0
496243,Stephen Campbell,9.0
496243,rojitasaha,
496243,Gimly,8.0
496243,tmdb92312096,10.0
496243,RustyBoi,10.0
496243,r96sk,9.0
496243,Repo Jack,10.0
496243,fourfridays,8.0
19995,daisyrowley,
19995,John Chard,5.0
19995,Manuel S√£o Bento,8.0
19995,tomasfv,10.0
19995,Yuva_Kumar,
19995,CinemaSerf,7.0
1318917,nadamahmoud_1,10.0
667538,josezapata,
667538,garethmb,
667538,Chris Sawin,2.0
667538,CinemaSerf,6.0
667538,DAVID TILAN,10.0
667538,The Movie Mob,7.0
667538,Per Gunnar Jonsson,6.0
667538,r96sk,6.0
674,John Chard,7.0
674,Nathan,9.0
674,CinemaSerf,7.0
603692,thealanfrench,
603692,romang,
603692,The Movie Mob,9.0
603692,CinemaSerf,6.0
603692,Manuel S√£o Bento,8.0
603692,EthicalAndroid,10.0
603692,GenerationofSwine,10.0
603692,Louisa Moore - Screen Zealots,8.0
603692,Chris Sawin,8.0
603692,Nathan,9.0
603692,MovieGuys,7.0
603692,tmdb42690476,1.0
603692,Sarthak Bharad,10.0
603692,Rob,7.0
603692,JPV852,8.0
603692,Avatarz,
603692,Per Gunnar Jonsson,6.0
603692,whitsbrain,4.0
8587,Manuel S√£o Bento,10.0
8587,CinemaSerf,7.0
27449,CinemaSerf,7.0
672,WiSpider,
672,Nathan,8.0
672,CinemaSerf,7.0
346698,Chris Sawin,7.0
346698,MovieGuys,1.0
346698,Manuel S√£o Bento,8.0
346698,TheRealMina,1.0
346698,CinemaSerf,7.0
346698,JP Hastings-Spital,8.0
346698,Brent Marchant,5.0
346698,rsanek,4.0
346698,DRDMovieMusings,7.0
346698,The Movie Mob,7.0
346698,Thulan Perera,8.0
346698,viha,7.0
346698,MarciaClarke,6.0
346698,threestardave,
346698,r96sk,7.0
346698,ikeker,
346698,tmdb51616167,8.0
420818,SWITCH.,2.0
420818,Manuel S√£o Bento,9.0
420818,Gimly,3.0
420818,sykobanana,4.0
420818,Martha,6.0
797271,terrapong,9.0
98,Eky,10.0
98,John Chard,10.0
98,Kowalczyk,8.0
98,CinemaSerf,8.0
98,Prodank,10.0
98,kodkuce,10.0
14836,talisencrw,9.0
14836,ZeBlah,10.0
14836,Kamurai,9.0
271110,Frank Ochieng,
271110,Austin Singleton,
271110,Reno,8.0
271110,Per Gunnar Jonsson,4.0
271110,ianlo930627,9.0
271110,Gimly,8.0
271110,tmdb44006625,7.0
271110,StevenGarcia,
271110,AndrewMartinez,
271110,KennethRobinson,
271110,GeorgeClark,
271110,KevinRodriguez1,
271110,BrianLewis,
271110,EdwardLee,
271110,RonaldWalker,
271110,TimothyHall,
271110,JasonAllen1,
271110,RyanHernandez,
271110,GaryWright,
271110,EricHill,
438631,RADIO1'S MR. MOVIE!-MAD AMI üå†,10.0
438631,Habenula,1.0
438631,Tsavo,6.0
438631,tahmid_007,
438631,Manuel S√£o Bento,8.0
438631,Mex5150,4.0
438631,Peter McGinn,6.0
438631,badelf,2.0
438631,JPV852,8.0
438631,Per Gunnar Jonsson,10.0
438631,AstroNoud,8.0
438631,Nathan,9.0
438631,The Movie Mob,8.0
438631,Abdullah M. BAkry,
438631,tmdb51616167,8.0
1084736,CinemaSerf,7.0
1084736,Wielo,9.0
244786,MJM,
244786,Andres Gomez,9.0
244786,DanDare,5.0
244786,mattwilde123,9.0
244786,Matthew Brady,10.0
244786,The Movie Mob,8.0
244786,Ahmetaslan27,10.0
244786,hamfaceman,7.0
244786,tmdb70471036,9.0
507086,CinemaSerf,6.0
507086,Manuel S√£o Bento,3.0
507086,Chris Sawin,4.0
507086,r96sk,7.0
507086,Peter McGinn,6.0
507086,The Movie Mob,7.0
507086,JPV852,2.0
507086,Per Gunnar Jonsson,4.0
507086,Wuchak,6.0
507086,Axel,5.0
507086,Ahmetaslan27,4.0
507086,Killface,1.0
26389,Marr üá≥üá±,6.0
26389,JPV852,7.0
585,r96sk,9.0
585,CinemaSerf,7.0
22,John Chard,9.0
22,Andre Gonzales,10.0
22,CinemaSerf,7.0
315162,Nathan,9.0
315162,ravundwa,10.0
315162,CinemaSerf,7.0
315162,GenerationofSwine,10.0
315162,Andre Gonzales,8.0
315162,r96sk,9.0
150540,Fatota,10.0
150540,Andres Gomez,8.0
150540,Sxerks3,8.0
150540,Peter McGinn,10.0
150540,r96sk,7.0
150540,Kamurai,8.0
150540,mehedi1719,
150540,CinemaSerf,7.0
150540,Andre Gonzales,6.0
150540,tmdb47940942,5.0
944401,Manuel S√£o Bento,7.0
767,John Chard,6.0
767,John Chard,6.0
767,Gimly,6.0
767,Nathan,8.0
767,CinemaSerf,7.0
1129598,Wuchak,6.0
1129598,CinemaSerf,5.0
1064028,RalphRahal,6.0
1064028,BlazinGH,
1064028,Leno,5.0
862,Gimly,8.0
862,JPV852,9.0
862,r96sk,10.0
862,CinemaSerf,7.0
216015,Andres Gomez,3.0
216015,GenerationofSwine,10.0
216015,CinemaSerf,5.0
639720,Manuel S√£o Bento,8.0
639720,CinemaSerf,7.0
639720,Hotplix,7.0
639720,Cinema_Snobb,5.0
639720,TheSceneSnobs,2.0
639720,oswaldovzki,7.0
639720,r96sk,6.0
1028196,Brent Marchant,4.0
1028196,CinemaSerf,7.0
1028196,r96sk,7.0
228150,wouter1301,
228150,mattwilde123,7.0
228150,Per Gunnar Jonsson,4.0
228150,Wuchak,8.0
228150,drystyx,9.0
228150,DCthaGod,8.0
603,GeekMasher,9.5
603,NeoBrowser,10.0
603,StbMDB,10.0
603,tmdb44006625,
603,Wuchak,
603,GenerationofSwine,10.0
603,The Movie Mob,10.0
603,The Movie Mob,10.0
603,CinemaSerf,7.0
106646,Jacob,10.0
106646,Andres Gomez,6.0
106646,tmdb39513728,
106646,r96sk,9.0
106646,sporkproductions,8.0
106646,Nathan,9.0
550,Goddard,
550,Brett Pascoe,9.0
550,Manuel S√£o Bento,8.0
550,r96sk,7.0
550,rsanek,9.0
550,Wuchak,6.0
550,katch22,8.0
550,alksjalksj,10.0
550,chosengreatone,10.0
550,CinemaSerf,7.0
454626,kinglargo,4.0
454626,Louisa Moore - Screen Zealots,6.0
454626,Manuel S√£o Bento,5.0
454626,teamelitedev,
454626,aardwark69,8.0
454626,JPV852,7.0
454626,Gimly,3.0
454626,Kamurai,6.0
454626,juliarta,10.0
454626,tmdb47940942,6.0
454626,CinemaSerf,6.0
1000075,MovieGuys,4.0
957452,CinemaSerf,6.0
957452,r96sk,5.0
957452,MovieGuys,2.0
863,Gimly,6.0
863,r96sk,10.0
863,CinemaSerf,7.0
863,housseini_mdb,10.0
177572,StevenGarcia,
177572,AndrewMartinez,
177572,KennethRobinson,
177572,GeorgeClark,
177572,KevinRodriguez1,
177572,BrianLewis,
177572,EdwardLee,
177572,RonaldWalker,
177572,TimothyHall,
177572,JasonAllen1,
177572,RyanHernandez,
177572,GaryWright,
177572,EricHill,
177572,JonathanGreen,
177572,r96sk,7.0
177572,CinemaSerf,7.0
114,John Chard,8.0
114,John Chard,8.0
114,tmdb15435519,7.0
114,The Movie Mob,8.0
114,GenerationofSwine,10.0
114,CinemaSerf,7.0
114,confused_npc,6.0
680,Wuchak,9.0
680,Erick Cabral,10.0
680,CinemaSerf,7.0
680,crastana,
680,alksjalksj,10.0
680,Filipe Manuel Neto,6.0
675,John Chard,8.0
675,Nathan,8.0
675,CinemaSerf,7.0
354912,Gimly,5.0
354912,furious_iz,9.0
354912,priya_,10.0
354912,r96sk,10.0
354912,CinemaSerf,7.0
673,Binayak,
673,Nathan,9.0
673,CinemaSerf,8.0
969492,Manuel S√£o Bento,6.0
969492,Chandler Danier,6.0
969492,MovieGuys,5.0
969492,hamfaceman,5.0
969492,Roberta1970,7.0
299534,garethmb,
299534,Gimly,9.0
299534,Manuel S√£o Bento,10.0
299534,heroman,10.0
299534,courtlynn,
299534,Per Gunnar Jonsson,9.0
299534,swapnake,10.0
299534,Wuchak,6.0
299534,Justin Lopez,
299534,LoganWright,
299534,BradleyStewart,
299534,Jane Hall,
299534,JessieCollins,
299534,John Smith,
299534,gwengww,4.0
299534,Justin Lopez,
299534,1RobertJohnson1,
299534,MichaelWilliams,
299534,WilliamJones,
299534,DavidBrown1,
122917,Andres Gomez,5.0
122917,Per Gunnar Jonsson,9.0
122917,Gimly,5.0
122917,r96sk,7.0
460229,Gimly,1.0
1226578,r96sk,7.0
1226578,CinemaSerf,7.0
1226578,Chandler Danier,7.0
1226578,Sejian,8.0
1226578,Dean,7.0
1226578,tmdb51616167,5.0
1226578,willasfilmworld,
1226578,hand2a,8.0
929590,Manuel S√£o Bento,8.0
929590,r96sk,9.0
929590,CinemaSerf,6.0
929590,Brent Marchant,8.0
929590,edrddz,7.0
929590,MovieGuys,6.0
929590,dumasori,7.0
929590,akerusan,
929590,Chandler Danier,7.0
929590,TheSceneSnobs,7.0
929590,PeaceMeal,3.0
929590,pacrat173,9.0
575264,HidamaO_O,
575264,The Movie Mob,7.0
575264,Manuel S√£o Bento,8.0
575264,Brent Marchant,7.0
575264,CinemaSerf,7.0
575264,MovieGuys,6.0
575264,Louisa Moore - Screen Zealots,9.0
575264,Hinaboi,8.0
575264,JPV852,8.0
575264,snunes97,6.0
575264,whitsbrain,8.0
575264,Per Gunnar Jonsson,7.0
447365,The Movie Mob,9.0
447365,Ritesh Mohapatra,9.0
447365,CinemaSerf,6.0
447365,Manuel S√£o Bento,8.0
447365,Per Gunnar Jonsson,7.0
447365,r96sk,9.0
447365,tmdb51616167,9.0
588228,garethmb,
588228,Manuel S√£o Bento,7.0
588228,Kamurai,8.0
588228,polkabike,
588228,The Movie Mob,8.0
762441,CinemaSerf,6.0
762441,Brent Marchant,8.0
762441,MovieGuys,4.0
762441,Manuel S√£o Bento,8.0
762441,Chris Sawin,5.0
762441,r96sk,6.0
762441,TheSceneSnobs,7.0
762441,tmdb51616167,7.0
762441,kevin2019,8.0
976573,garethmb,
976573,NeoTechMovies,
976573,Manuel S√£o Bento,8.0
976573,CinemaSerf,6.0
976573,Thulan Perera,9.0
976573,Per Gunnar Jonsson,8.0
976573,r96sk,7.0
581528,TheArtyDans,9.0
581528,AstroNoud,10.0
792307,Manuel S√£o Bento,9.0
792307,Brent Marchant,8.0
792307,CinemaSerf,7.0
792307,r96sk,10.0
792307,BornKnight,9.0
792307,Chandler Danier,6.0
792307,TinaAdams,
792307,Horseface,1.0
792307,Keeper177,9.0
792307,moviejunkie76,8.0
792307,badelf,10.0
792307,Dii_,
1297860,Manuel S√£o Bento,6.0
505642,The Movie Mob,7.0
505642,Manuel S√£o Bento,7.0
505642,CinemaSerf,6.0
505642,Nathan,7.0
505642,Alok9t7,
505642,r96sk,8.0
505642,themoviedb@kienner.fr,1.0
505642,GenerationofSwine,1.0
505642,Per Gunnar Jonsson,7.0
505642,Andre Gonzales,5.0
505642,Andre Gonzales,5.0
505642,Amos Burton,1.0
505642,Thulan Perera,
9502,CinemaSerf,7.0
9502,MannyD,9.0
866398,CinemaSerf,6.0
866398,Visperish,
866398,Chandler Danier,6.0
866398,MovieGuys,3.0
866398,r96sk,8.0
866398,ùïΩùñéùñàùñç,9.0
866398,cavemanharris,
866398,Per Gunnar Jonsson,10.0
414906,garethmb,
414906,The Movie Mob,8.0
414906,Manuel S√£o Bento,9.0
414906,Chris Sawin,5.0
414906,edwecks,10.0
414906,jwilliams0511971,10.0
414906,r96sk,9.0
414906,Tatsky,8.0
414906,aquiluus,10.0
414906,Aqueronte72,6.0
414906,CinemaSerf,6.0
414906,JPV852,8.0
414906,Horseface,7.0
414906,Peter McGinn,8.0
414906,mahmus,10.0
414906,Kay Cee,
414906,Nathan,10.0
414906,Per Gunnar Jonsson,4.0
414906,tmdb28039023,5.0
414906,Dean,3.0
121,NeoBrowser,10.0
121,Wuchak,6.0
121,JPV852,9.0
121,r96sk,9.0
121,drystyx,10.0
121,CinemaSerf,8.0
11,Cat Ellington,
11,John Chard,10.0
11,gastyny,10.0
11,r96sk,9.0
11,GenerationofSwine,10.0
11,CinemaSerf,9.0
109445,junijubiroke,
109445,Andres Gomez,8.0
109445,Manuel S√£o Bento,7.0
109445,JPV852,6.0
109445,r96sk,9.0
109445,CinemaSerf,6.0
109445,Andre Gonzales,5.0
12445,John Chard,8.0
12445,John Chard,8.0
12445,CinemaSerf,8.0
829560,r96sk,2.0
829560,tmdb51616167,1.0
384798,Gimly,5.0
384798,Per Gunnar Jonsson,4.0
156022,mspanther,8.0
156022,Per Gunnar Jonsson,8.0
156022,Gimly,7.0
156022,r96sk,8.0
156022,CinemaSerf,7.0
16869,Wuchak,8.0
16869,JPV852,9.0
16869,AstroNoud,8.0
16869,rsanek,9.0
38,Andres Gomez,8.0
38,Wuchak,8.0
38,LovingStory,10.0
38,tensharpe,8.0
38,Andre Gonzales,6.0
38,CinemaSerf,7.0
557,tmdb44006625,9.0
557,Justin Lopez,
557,LoganWright,
557,BradleyStewart,
557,Jane Hall,
557,JessieCollins,
557,John Smith,
557,1RobertJohnson1,
557,MichaelWilliams,
557,WilliamJones,
557,DavidBrown1,
557,JosephWilson,
557,JosephWilson,
557,richardmiller,
557,ThomasMoore,
557,JeffreyYoung,
557,JacobKing1,
557,NicholasLopez,
557,StephenScott,
557,LarryAdams,
1726,izgzhen,
1726,Gimly,8.0
1726,tmdb44006625,8.0
1726,The Peruvian Post,8.0
1726,The Peruvian Post,8.0
1726,r96sk,9.0
1726,Filipe Manuel Neto,9.0
1726,The Movie Mob,10.0
1726,Andre Gonzales,6.0
1726,CinemaSerf,7.0
38757,Andres Gomez,8.0
38757,ohlalipop,8.0
38757,r96sk,
38757,John,10.0
13,llgolden,10.0
13,bluedevil667,10.0
13,CinemaSerf,7.0
940551,CinemaSerf,6.0
940551,bosladi25,
940551,tmdb51616167,7.0
138843,John Chard,9.0
138843,Per Gunnar Jonsson,7.0
138843,Gimly,5.0
138843,JPV852,8.0
138843,CinemaSerf,7.0
138843,r96sk,8.0
568124,garethmb,
568124,John Critic,
568124,r96sk,8.0
568124,Giovanni,8.0
568124,Priya97,
324857,trineo03,
324857,Gimly,7.0
324857,DohnJoe,
324857,TomTag,7.0
324857,Justin Lopez,
324857,LoganWright,
324857,BradleyStewart,
324857,Jane Hall,
324857,JessieCollins,
324857,John Smith,
324857,1RobertJohnson1,
324857,MichaelWilliams,
324857,WilliamJones,
324857,DavidBrown1,
324857,richardmiller,
324857,ThomasMoore,
324857,JeffreyYoung,
324857,JacobKing1,
324857,NicholasLopez,
324857,StephenScott,
12444,ohlalipop,
12444,CinemaSerf,8.0
453395,Chris Sawin,7.0
453395,Manuel S√£o Bento,7.0
453395,CinemaSerf,7.0
453395,Peter McGinn,5.0
453395,tim.uruski,
453395,Nathan,8.0
453395,ValyaKlaiven,
453395,itsogs,1.0
453395,ValyaKlaiven,
453395,The Movie Mob,7.0
453395,Robbie Grawey,
453395,Robbie Grawey,
453395,Per Gunnar Jonsson,9.0
453395,GenerationofSwine,1.0
453395,Andre Gonzales,6.0
453395,Filipe Manuel Neto,7.0
453395,tmdb51616167,5.0
453395,BiankaMalburg,5.0
637649,Manuel S√£o Bento,7.0
637649,BudLightYear,6.0
637649,Peter McGinn,6.0
637649,RADIO1'S MR. MOVIE!-MAD AMI üå†,6.0
637649,Rene,8.0
637649,JPV852,8.0
637649,Otisons,9.0
637649,sporkproductions,6.0
637649,Per Gunnar Jonsson,9.0
726139,MovieGuys,6.0
41446,Nathan,7.0
365177,r96sk,7.0
365177,valardohaeriz,5.0
365177,CinemaSerf,6.0
365177,UWotMatez,1.0
365177,TheSceneSnobs,1.0
365177,MovieGuys,3.0
365177,cavemanharris,
337167,ehabsalah,
337167,GenerationofSwine,1.0
566525,garethmb,
566525,Manuel S√£o Bento,8.0
566525,RADIO1'S MR. MOVIE!-MAD AMI üå†,9.0
566525,T D Heath,7.0
566525,Per Gunnar Jonsson,9.0
566525,DallasBob,
566525,Sheldon Nylander,7.0
1079091,Manuel S√£o Bento,6.0
1079091,CinemaSerf,6.0
1079091,r96sk,8.0
1079091,NikolaiOS,
1079091,moviepoptime,
1014505,CinemaSerf,7.0
578,John Chard,10.0
578,Cat Ellington,
578,in_the_crease,10.0
578,JPV852,8.0
578,r96sk,9.0
578,CinemaSerf,8.0
578,2_Fast-22,10.0
475557,Manuel S√£o Bento,9.0
475557,solstafir7,
475557,ikomrad,9.0
475557,Sheldon Nylander,7.0
475557,Leno,9.0
475557,Wuchak,8.0
475557,JPV852,9.0
475557,Matthew Brady,8.0
475557,lamachat,
475557,Per Gunnar Jonsson,3.0
475557,Adam Rife,
475557,r96sk,10.0
475557,AstroNoud,10.0
475557,iltnoob,10.0
475557,Martha,10.0
475557,GenerationofSwine,10.0
475557,Andre Gonzales,6.0
475557,Alunauwie,9.0
475557,mehdiebrahimzadehofficial,
105,Ian Beale,8.0
105,John Chard,10.0
105,The Peruvian Post,9.0
105,JPV852,9.0
105,Andre Gonzales,6.0
105,Rob,8.0
105,hamfaceman,9.0
205596,Aaaidan,1.0
205596,Nathan,9.0
205596,CinemaSerf,6.0
240,jkbbr549,
240,Matthew Dixon,10.0
240,CinemaSerf,7.0
240,drystyx,4.0
1029281,tmdb51616167,8.0
1029281,CinemaSerf,7.0
1029281,r96sk,8.0
1029281,RalphRahal,8.0
10138,ohlalipop,7.0
10138,Dan_Tebasco,3.0
10138,Gimly,6.0
10138,tmdb44006625,3.0
10138,JPV852,6.0
10138,r96sk,7.0
10138,Filipe Manuel Neto,7.0
10138,doubleyoudot,5.0
10138,Andre Gonzales,6.0
10138,CinemaSerf,6.0
843527,Manuel S√£o Bento,4.0
843527,wogelib503,
843527,Hotplix,
843527,Hotplix,
843527,TheSceneSnobs,7.0
99861,Hotsake,6.5
99861,Andres Gomez,7.0
99861,Per Gunnar Jonsson,7.0
99861,Gimly,7.0
99861,tmdb44006625,5.0
99861,Justin Lopez,
99861,LoganWright,
99861,BradleyStewart,
99861,Jane Hall,
99861,JessieCollins,
99861,John Smith,
99861,Justin Lopez,
99861,1RobertJohnson1,
99861,MichaelWilliams,
99861,WilliamJones,
99861,DavidBrown1,
99861,JosephWilson,
99861,richardmiller,
99861,ThomasMoore,
99861,JeffreyYoung,
1111873,CinemaSerf,7.0
1111873,MovieGuys,6.0
1111873,r96sk,10.0
1111873,TheSceneSnobs,6.0
1111873,JPV852,7.0
1111873,Louisa Moore - Screen Zealots,7.0
1111873,tmdb51616167,7.0
1111873,Dean,9.0
1111873,Manuel S√£o Bento,6.0
315635,Gimly,7.0
315635,AJGibbs,4.0
315635,Per Gunnar Jonsson,4.0
315635,Reno,7.0
315635,A Fan of Many Things,10.0
315635,skembry,10.0
315635,Andrew Gentry,9.0
315635,tmdb44006625,5.0
315635,Myles,8.0
315635,r96sk,8.0
315635,CinemaSerf,7.0
315635,GenerationofSwine,10.0
335983,Gimly,6.0
335983,gurteksingh,
335983,javajohnny,7.0
335983,lancethedealer,
335983,Per Gunnar Jonsson,7.0
335983,Nelson,9.0
335983,Manuel S√£o Bento,4.0
335983,r96sk,8.0
335983,r96sk,8.0
335983,Martha,8.0
335983,GenerationofSwine,10.0
322,Wuchak,9.0
322,The Movie Diorama,8.0
322,r96sk,9.0
11036,CinemaSerf,7.0
11036,r96sk,8.0
150689,Reno,7.0
150689,Kamurai,6.0
150689,r96sk,7.0
150689,dbgallup,
150689,CinemaSerf,6.0
150689,CinemaSerf,6.0
150689,The Movie Mob,6.0
150689,Andre Gonzales,6.0
424,Mayurpanchamia,8.0
424,CinemaSerf,7.0
424,Zak_Jaggs,10.0
372058,Gimly,4.0
372058,BecauseImBatman,8.0
372058,Reno,8.0
372058,r96sk,10.0
372058,lowkimhoe,9.0
372058,Nathan,10.0
372058,tropicalicecedar,
58,Andre Gonzales,8.0
58,CinemaSerf,7.0
791373,Manuel S√£o Bento,7.0
791373,JPV852,7.0
791373,sykobanana,9.0
791373,Peter89Spencer,10.0
791373,Yassin_Raouf,10.0
791373,iselates,4.0
791373,StoneCrow1977,6.0
791373,rodricama07,
791373,Rene,10.0
791373,Nathan,9.0
791373,Martha,8.0
791373,The Movie Mob,9.0
791373,tmdb28039023,1.0
791373,GenerationofSwine,10.0
791373,Rob,5.0
953,Andre Gonzales,8.0
953,CinemaSerf,7.0
799583,MovieGuys,1.0
799583,TheSceneSnobs,6.0
799583,Tourma,9.0
799583,Wuchak,6.0
11324,musafirsafwan,
11324,ohlalipop,
11324,JPV852,9.0
11324,John Chard,7.0
11324,FlixxFlyy,9.0
11324,katch22,7.0
11324,AstroNoud,8.0
11324,Wuchak,6.0
11324,RalphRahal,9.0
425,CinemaSerf,7.0
425,Andre Gonzales,8.0
396535,Reno,8.0
396535,Gimly,7.0
396535,Kamurai,9.0
396535,Manuel S√£o Bento,10.0
370663,Gimly,3.0
370663,sonofbalkans,3.0
370663,ephraimk,5.0
1333100,CinemaSerf,6.0
940721,Leno,8.0
940721,Manuel S√£o Bento,8.0
940721,Chris Sawin,10.0
940721,CinemaSerf,7.0
940721,Sweet0Girl,10.0
940721,whitsbrain,8.0
940721,MovieGuys,9.0
940721,Sejian,7.0
940721,Brent Marchant,4.0
940721,oswaldovzki,7.0
490132,Gimly,6.0
490132,Manuel S√£o Bento,10.0
490132,The Peruvian Post,9.0
490132,Wuchak,9.0
490132,UrsusNotHorribilus,
490132,AstroNoud,8.0
490132,GenerationofSwine,1.0
718821,Manuel S√£o Bento,6.0
718821,r96sk,7.0
718821,Brent Marchant,6.0
718821,CinemaSerf,6.0
718821,GenerationofSwine,10.0
718821,Louisa Moore - Screen Zealots,5.0
718821,Chandler Danier,4.0
718821,Sejian,6.0
718821,Dean,7.0
807,John Chard,10.0
807,Repo Jack,10.0
807,Manuel S√£o Bento,10.0
807,testr,3.0
807,CinemaSerf,8.0
807,RalphRahal,10.0
1124641,MovieGuys,3.0
1124641,Chandler Danier,2.0
1151949,MovieGuys,7.0
129,ZeBlah,10.0
129,CinemaSerf,7.0
572802,Manuel S√£o Bento,6.0
572802,CinemaSerf,6.0
572802,justhappytobehere,4.0
572802,hamfaceman,3.0
572802,ARGMAN,5.0
572802,JPV852,7.0
572802,Per Gunnar Jonsson,5.0
572802,r96sk,6.0
572802,cineast78,7.0
210577,Andres Gomez,7.0
210577,VanVliet,10.0
210577,Matthew Brady,10.0
210577,Manuel S√£o Bento,9.0
210577,Filipe Manuel Neto,8.0
210577,CinemaSerf,7.0
1088514,CinemaSerf,6.0
1088514,good.film,
1088514,Brent Marchant,7.0
497,Wuchak,9.0
497,CinemaSerf,7.0
497,sirdorius,6.0
321612,Salt-and-Limes,6.0
321612,Gimly,6.0
321612,Reno,8.0
321612,Marypsa,
321612,dezmozegreato,7.0
321612,The Movie Mob,7.0
321612,Andre Gonzales,6.0
321612,CinemaSerf,6.0
131631,anthonypagan1975,10.0
131631,Andres Gomez,4.0
131631,CinemaSerf,6.0
242,CinemaSerf,6.0
242,Wuchak,7.0
630,John Chard,10.0
630,Cat Ellington,
630,John Critic,10.0
630,CinemaSerf,8.0
630,Wuchak,10.0
257344,Frank Ochieng,
257344,Reno,7.0
257344,The Movie Mob,7.0
976734,MovieGuys,4.0
76341,Phileas Fogg,
76341,Andres Gomez,7.0
76341,extoix,
76341,Cineport,9.0
76341,balumahendran,
76341,simonTheDiver,10.0
76341,Per Gunnar Jonsson,7.0
76341,Gimly,9.0
76341,OzDrDj,2.0
76341,Matthew Brady,10.0
76341,John Chard,9.0
76341,The Movie Mob,10.0
76341,r96sk,8.0
940139,r96sk,9.0
940139,CinemaSerf,6.0
1724,Gimly,6.0
1724,tmdb44006625,6.0
1724,r96sk,7.0
1724,CinemaSerf,6.0
1724,BiankaMalburg,5.0
1865,Andres Gomez,3.0
1865,waqas akram,10.0
1865,John Chard,7.0
1865,Andre Gonzales,6.0
1865,CinemaSerf,6.0
348893,Vishnu_Dileep,7.0
348893,Reno,6.0
6479,GenerationofSwine,1.0
6479,The Movie Mob,7.0
6479,Andre Gonzales,8.0
10020,CinemaSerf,8.0
10020,Andre Gonzales,8.0
12,Dave09,
12,r96sk,9.0
12,John,10.0
12,CinemaSerf,7.0
1211472,Brent Marchant,6.0
1211472,r96sk,9.0
1211472,CinemaSerf,7.0
38365,Andre Gonzales,8.0
1072790,CinemaSerf,7.0
1072790,r96sk,7.0
1072790,vylmen,2.0
508883,Manuel S√£o Bento,6.0
508883,CinemaSerf,7.0
508883,Chandler Danier,8.0
24,tmdb13206453,10.0
24,John Chard,8.0
24,Wuchak,7.0
24,rsanek,5.0
24,CinemaSerf,6.0
38575,Andres Gomez,5.0
38575,ohlalipop,10.0
38575,vasago,2.0
889737,CinemaSerf,6.0
889737,YearOneFun,1.0
889737,Manuel S√£o Bento,4.0
889737,Brent Marchant,5.0
889737,biancarockr,5.0
889737,r96sk,9.0
889737,aGoryLouie,6.0
889737,Chandler Danier,5.0
889737,kevin2019,5.0
10674,r96sk,7.0
10674,Manuel S√£o Bento,8.0
10674,CinemaSerf,6.0
324786,starks94,7.0
324786,dragon_boi,10.0
324786,Reno,8.0
324786,John Chard,8.0
324786,Wuchak,6.0
324786,Filipe Manuel Neto,8.0
324786,GenerationofSwine,10.0
1104844,CinemaSerf,7.0
11224,CinemaSerf,7.0
11224,Andre Gonzales,5.0
787699,CinemaSerf,7.0
787699,r96sk,8.0
787699,Manuel S√£o Bento,7.0
787699,betterlikethat,
787699,farthington,
787699,BornKnight,8.0
787699,BornKnight,8.0
787699,rmorell1,10.0
787699,Victor M√ºntzing,
787699,tmdb51616167,10.0
1278263,CinemaSerf,7.0
985939,ObjectivityGate,7.0
985939,The Movie Mob,7.0
985939,MovieGuys,7.0
985939,CinemaSerf,6.0
985939,Feng,8.0
985939,tmdb28039023,4.0
985939,JPV852,7.0
985939,Manuel S√£o Bento,7.0
985939,Nathan,3.0
545611,Manuel S√£o Bento,9.0
545611,r96sk,10.0
545611,CinemaSerf,7.0
545611,the_original_crt,7.0
545611,Giovanni,9.0
545611,The Movie Mob,8.0
545611,Loki_Lavathein,8.0
545611,Robbie Grawey,
545611,rsanek,1.0
545611,clivend,8.0
545611,Nathan,8.0
545611,tensharpe,8.0
545611,Adriano,5.0
545611,AstroNoud,7.0
545611,Pythonesque,4.0
545611,Ahmetaslan27,6.0
545611,Thimble,5.0
545611,Filipe Manuel Neto,10.0
545611,cineast78,4.0
269149,Andres Gomez,9.0
269149,Reno,8.0
269149,whatowatch,10.0
269149,Austin Singleton,
269149,Gimly,7.0
269149,Per Gunnar Jonsson,9.0
269149,mattwilde123,8.0
269149,Neeraj,
269149,ahmedaiman99,10.0
269149,r96sk,8.0
269149,CinemaSerf,7.0
514593,Manuel S√£o Bento,3.0
285,Andre Gonzales,8.0
285,CinemaSerf,6.0
1079485,TheSceneSnobs,6.0
857,Wuchak,6.0
857,E.J. Cummings,10.0
857,lildrosso,
857,BertenErnie,
857,CinemaSerf,8.0
293660,huy.duc.eastagile,9.5
293660,Wong,7.0
293660,Reno,6.5
293660,talisencrw,9.0
293660,mattwilde123,7.0
293660,jamitchell1509,8.0
293660,Gimly,6.0
293660,Dicky Pratama,10.0
293660,Andre Gonzales,10.0
293660,tmdb16591261,7.0
293660,CinemaSerf,8.0
449443,chadrico,10.0
449443,tmdb82544094,6.0
449443,Gimly,5.0
449443,CinemaSerf,6.0
449443,RalphRahal,5.0
298618,The Movie Mob,7.0
298618,Chris Sawin,3.0
298618,Manuel S√£o Bento,7.0
298618,CinemaSerf,7.0
298618,Differ,4.0
298618,NeoTechMovies,
298618,MovieGuys,5.0
298618,sizarled,10.0
298618,Louisa Moore - Screen Zealots,7.0
298618,JPV852,7.0
298618,r96sk,9.0
284054,Gimly,7.0
284054,hankster3000,1.0
284054,Movie Queen41,10.0
284054,Crenor,
284054,Per Gunnar Jonsson,7.0
284054,OblateSphereDroid,9.0
284054,Dsnake1,7.0
284054,DanDare,6.0
284054,Wuchak,6.0
284054,trinistud1,10.0
284054,moovies,8.0
284054,tmdb44006625,7.0
284054,Nelson,10.0
284054,quasar1967,
284054,Adam Rife,
284054,r96sk,8.0
284054,CinemaSerf,7.0
284054,mochijohn,8.0
284054,Antonio Alaminos-Fern√°ndez,8.0
284054,GenerationofSwine,1.0
1043565,RalphRahal,4.0
1043565,r96sk,5.0
68726,GeekMasher,8.5
68726,Matt Golden,9.5
68726,VolcanoAl,
68726,Andres Gomez,7.0
68726,Per Gunnar Jonsson,7.0
68726,Teemu,5.0
68726,The Movie Mob,6.0
68726,Filipe Manuel Neto,7.0
68726,CinemaSerf,7.0
851644,badelf,7.0
447277,adolfohumano,
447277,CinemaSerf,6.0
447277,Manuel S√£o Bento,8.0
447277,Louisa Moore - Screen Zealots,6.0
447277,r96sk,7.0
615,CinemaSerf,7.0
615,Wuchak,9.0
436969,Peter89Spencer,8.0
436969,JPV852,7.0
436969,JW2804,
436969,RADIO1'S MR. MOVIE!-MAD AMI üå†,9.0
436969,echeng,8.0
436969,Giovanni,9.0
436969,Manuel S√£o Bento,8.0
436969,Chris Sawin,8.0
436969,tmdb79614358,9.0
436969,Per Gunnar Jonsson,8.0
436969,Nathan,9.0
436969,Dean,6.0
436969,tmdb28039023,1.0
436969,badelf,5.0
436969,badelf,5.0
436969,The Movie Mob,9.0
436969,Crazypiglady,
48650,Andres Gomez,5.0
537915,SWITCH.,1.0
537915,tmdb51616167,6.0
135397,jonlikesmoviesthatdontsuck,
135397,Ganesan,
135397,redTed,3.0
135397,John Chard,7.0
135397,kendsley2003@yahoo.com,8.5
135397,aptaunk,
135397,mattwilde123,4.0
135397,Bulletproof5FDP,6.0
135397,Gimly,5.0
135397,Manuel S√£o Bento,7.0
135397,Peter McGinn,6.0
135397,The Movie Mob,9.0
135397,Andre Gonzales,6.0
135397,CinemaSerf,6.0
232672,Amy Flores,
232672,Reno,6.0
140607,Frank Ochieng,
140607,bodokh,
140607,John Chard,9.0
140607,Bulletproof5FDP,8.0
140607,Manuel S√£o Bento,9.0
140607,Gimly,7.0
140607,r96sk,8.0
140607,lstamellos,2.0
10191,ohlalipop,
10191,trineo03,
10191,tmdb44006625,9.0
10191,primeos,10.0
615656,CinemaSerf,5.0
615656,MovieGuys,5.0
615656,mohitgupta943,
615656,JPV852,4.0
615656,RalphRahal,5.0
489,tmdb40011370,8.0
489,r96sk,9.0
489,CinemaSerf,7.0
489,Filipe Manuel Neto,9.0
489,BornKnight,8.0
974262,r96sk,7.0
974262,Pringo,8.0
1252377,What's on Netflix,
458156,tmdb47396461,4.0
458156,Manuel S√£o Bento,8.0
458156,Gimly,8.0
458156,Leon Pin,7.5
458156,JPV852,8.0
458156,Stephen Campbell,8.0
458156,Per Gunnar Jonsson,9.0
458156,CinemaSerf,5.0
458156,GenerationofSwine,10.0
458156,Nathan,9.0
458156,r96sk,9.0
458156,Rob,5.0
458156,Andre Gonzales,8.0
458156,Alef,8.0
938614,Brent Marchant,7.0
938614,CinemaSerf,6.0
938614,dumasori,8.0
938614,MovieGuys,8.0
772,Peter89Spencer,9.0
772,Andre Gonzales,10.0
772,CinemaSerf,7.0
8856,r96sk,5.0
8856,Filipe Manuel Neto,7.0
359410,JohnTheCoderwiko,4.0
359410,Manuel S√£o Bento,6.0
359410,TheSceneSnobs,8.0
359410,Louisa Moore - Screen Zealots,7.0
987686,Louisa Moore - Screen Zealots,3.0
987686,tmdb51616167,5.0
214756,Reno,6.0
214756,The Movie Diorama,4.0
11970,r96sk,6.0
11970,CinemaSerf,7.0
72190,Dan_Tebasco,4.0
72190,Per Gunnar Jonsson,7.0
72190,The Movie Mob,9.0
72190,The Movie Mob,9.0
72190,CinemaSerf,7.0
11688,r96sk,7.0
1100099,Manuel S√£o Bento,8.0
1100099,CinemaSerf,7.0
1100099,Narate,7.0
1100099,r96sk,10.0
753342,Manuel S√£o Bento,4.0
753342,CinemaSerf,7.0
753342,janeyee,3.0
753342,PaoloG13,
753342,r96sk,6.0
753342,Chandler Danier,6.0
753342,pimpskitters,6.0
753342,MovieGuys,6.0
753342,BornKnight,6.0
753342,hamfaceman,6.0
753342,Brent Marchant,5.0
10193,zenorking,
10193,ohlalipop,10.0
10193,Gimly,8.0
10193,JPV852,10.0
10193,r96sk,9.0
10193,CinemaSerf,7.0
398818,jessetaylor,9.0
398818,tmdb15214618,8.0
398818,CinemaSerf,7.0
1155281,CinemaSerf,7.0
4348,Andres Gomez,8.0
4348,Peter McGinn,10.0
4348,Filipe Manuel Neto,6.0
4348,JPV852,8.0
4348,CinemaSerf,7.0
50619,Andres Gomez,7.0
296096,Reno,7.0
1124,izgzhen,9.0
1124,AstroNoud,10.0
1124,James,8.0
1124,r96sk,9.0
1124,CinemaSerf,7.0
350,talisencrw,8.0
350,r96sk,7.0
350,RalphRahal,8.0
87101,Gimly,5.0
87101,GenerationofSwine,1.0
109418,Andre Gonzales,7.0
4935,Andres Gomez,9.0
4935,CinemaSerf,8.0
882569,Louisa Moore - Screen Zealots,8.0
882569,Nathan,8.0
882569,Ritesh Mohapatra,
882569,CinemaSerf,6.0
882569,MovieGuys,6.0
882569,BornKnight,8.0
882569,BornKnight,8.0
882569,tmdb51616167,10.0
996821,r96sk,5.0
877817,Manuel S√£o Bento,7.0
877817,Horseface,1.0
877817,MovieGuys,6.0
10195,ohlalipop,
10195,Gimly,8.0
10195,tmdb44006625,7.0
10195,Justin Lopez,
10195,LoganWright,
10195,BradleyStewart,
10195,Jane Hall,
10195,JessieCollins,
10195,John Smith,
10195,1RobertJohnson1,
10195,MichaelWilliams,
10195,WilliamJones,
10195,DavidBrown1,
10195,JosephWilson,
10195,richardmiller,
10195,ThomasMoore,
10195,JeffreyYoung,
10195,JacobKing1,
10195,NicholasLopez,
10195,StephenScott,
10625,talisencrw,8.0
10625,Gimly,9.0
10625,r96sk,9.0
10625,tmdb51616167,8.0
10625,CinemaSerf,7.0
1001311,MovieGuys,5.0
1001311,Louisa Moore - Screen Zealots,5.0
1001311,RalphRahal,2.0
635302,Rene,8.0
635302,DallasBob,10.0
635302,Chris Sawin,8.0
429617,SWITCH.,6.0
429617,ZHidayaturahman,10.0
429617,Manuel S√£o Bento,8.0
429617,Rodney Wollam,5.0
429617,Gimly,7.0
429617,Per Gunnar Jonsson,6.0
429617,JPV852,6.0
429617,dylaneamusic,
429617,belemo,8.0
429617,Peter89Spencer,8.0
429617,r96sk,7.0
429617,Dineth Hansana Karunarathna,10.0
429617,Dineth Hansana Karunarathna,10.0
429617,M.A.DinethHansanaKarunarathna,10.0
429617,GenerationofSwine,7.0
429617,CinemaSerf,8.0
345887,Gimly,6.0
345887,r96sk,9.0
926393,CinemaSerf,6.0
926393,MovieGuys,4.0
926393,JPV852,7.0
926393,Dean,10.0
926393,Chandler Danier,8.0
926393,ARGMAN,4.0
926393,Per Gunnar Jonsson,8.0
926393,r96sk,8.0
348,Patrick E. Abe,8.0
348,John Chard,10.0
348,Repo Jack,10.0
348,r96sk,8.0
348,GenerationofSwine,10.0
348,Filipe Manuel Neto,9.0
348,CinemaSerf,7.0
348,James,7.0
348,Christian Butoi,10.0
348,HappyPagan,10.0
273481,Reno,9.0
273481,Andres Gomez,8.0
273481,mattwilde123,7.0
273481,Gimly,7.0
273481,JPV852,9.0
273481,Ahmetaslan27,7.0
273481,r96sk,8.0
273481,CinemaSerf,7.0
170,perelachaise,7.0
170,John Chard,9.0
170,Gimly,8.0
170,Repo Jack,9.0
170,Ricardo Oliveira,8.0
170,CinemaSerf,7.0
507089,bradley,9.0
507089,MustachedMovieMan,7.0
507089,CinemaSerf,5.0
507089,biancarockr,4.0
507089,LegendGamerXZ,10.0
507089,LegendGamerXZ,10.0
507089,cooldude1983,
507089,tmdb47940942,7.0
507089,ViolettSmith,7.0
507089,r96sk,7.0
546554,SWITCH.,9.0
546554,Manuel S√£o Bento,9.0
546554,Gimly,8.0
546554,Matthew Brady,8.0
546554,ahmedaiman99,9.5
546554,JPV852,8.0
546554,Mitchell Bulfin,
546554,hOLYE,
546554,tmdb92312096,3.0
546554,FrontrunnerParis,7.0
546554,Suza,9.0
546554,r96sk,10.0
546554,AstroNoud,10.0
546554,GenerationofSwine,1.0
546554,Ahmetaslan27,7.0
9806,r96sk,7.0
9806,GenerationofSwine,10.0
9806,CinemaSerf,7.0
20352,The Movie Mob,9.0
98566,Per Gunnar Jonsson,5.0
98566,r96sk,5.0
98566,CinemaSerf,6.0
280,zag,10.0
280,Gimly,9.0
280,Kamurai,8.0
280,GenerationofSwine,10.0
280,BryceSpencer,10.0
280,CinemaSerf,7.0
280,Narate,10.0
146233,Andres Gomez,8.0
146233,Gimly,7.0
146233,StbMDB,8.0
146233,premierexxi,10.0
146233,John Chard,9.0
146233,The Movie Mob,8.0
146233,tmdb28039023,6.0
146233,kisaligol,4.0
447332,Devin G. Squire,8.0
447332,Leno,8.0
447332,Gimly,6.0
447332,LadyGreenEyes,10.0
447332,Trazbor O'Gukguk,1.0
447332,Wuchak,5.0
447332,Manuel S√£o Bento,8.0
447332,5rJoud,4.0
447332,The Movie Mob,9.0
447332,r96sk,7.0
447332,tmdb51616167,8.0
447332,moviepoptime,
395817,Manuel S√£o Bento,5.0
345940,Per Gunnar Jonsson,6.0
345940,John Chard,5.0
345940,Gimly,5.0
345940,CinemaSerf,5.0
763215,thorian93,6.5
763215,Sejian,6.0
763215,Manuel S√£o Bento,6.0
763215,EarthAndGravity,8.0
763215,nicoleamaree,4.0
763215,r96sk,5.0
763215,tippfehlr,4.0
763215,MovieGuys,2.0
763215,Per Gunnar Jonsson,8.0
12153,Reno,6.0
12153,metalstorm.ee,10.0
12153,tmdb51616167,6.0
270946,vrabaci,10.0
270946,2_Fast-22,2.0
283995,Steve Parker,7.0
283995,Gimly,8.0
283995,DonnyPie,8.0
283995,Vishnu_Dileep,10.0
283995,Reno,8.0
283995,tmdb44006625,3.0
283995,StevenGarcia,
283995,AndrewMartinez,
283995,KennethRobinson,
283995,GeorgeClark,
283995,KevinRodriguez1,
283995,BrianLewis,
283995,EdwardLee,
283995,RonaldWalker,
283995,TimothyHall,
283995,JasonAllen1,
283995,RyanHernandez,
283995,GaryWright,
283995,EricHill,
283995,JonathanGreen,
588648,CinemaSerf,6.0
102651,Andres Gomez,7.5
102651,Per Gunnar Jonsson,8.0
102651,DoryDarko,9.0
102651,Kamurai,7.0
102651,r96sk,7.0
102651,BiGuy,9.0
102651,Andre Gonzales,7.0
102651,CinemaSerf,7.0
73861,Agustttt,1.0
5492,Lord-of-TV,3.0
5492,Dean,6.0
141052,garethmb,
141052,Movie Queen41,8.0
141052,bigfatboy,8.0
141052,Gimly,3.0
141052,amanshroff,6.0
141052,Bulletproof5FDP,4.0
141052,Per Gunnar Jonsson,9.0
141052,Kirollos_Noah,
141052,Aakash Kedia,6.0
141052,StevenGarcia,
141052,AndrewMartinez,
141052,KennethRobinson,
141052,GeorgeClark,
141052,KevinRodriguez1,
141052,BrianLewis,
141052,EdwardLee,
141052,RonaldWalker,
141052,TimothyHall,
141052,JasonAllen1,
141052,JasonAllen1,
49051,Andres Gomez,6.5
49051,GeekMasher,9.0
49051,Matt Golden,
49051,r96sk,9.0
49051,Peter McGinn,7.0
49051,CinemaSerf,6.0
1734,Gimly,6.0
1734,Wuchak,4.0
1734,John Chard,7.0
1734,CinemaSerf,7.0
1734,r96sk,7.0
37165,Evan Zuqenshi,8.0
37165,tmdb32492600,
37165,Dsnake1,9.0
37165,aardwark69,8.0
37165,r96sk,9.0
37165,JPV852,9.0
37165,James,7.0
37165,CinemaSerf,7.0
37165,RalphRahal,9.0
917496,Manuel S√£o Bento,6.0
917496,tmdb51616167,8.0
917496,Brent Marchant,6.0
917496,GenerationofSwine,10.0
917496,CinemaSerf,6.0
917496,r96sk,7.0
917496,griggs79,6.0
917496,kevin2019,8.0
259693,Reno,8.0
259693,Gimly,6.0
259693,Sheldon Nylander,6.0
259693,JPV852,8.0
259693,GenerationofSwine,1.0
259693,r96sk,4.0
652,Wuchak,10.0
652,John Chard,
652,r96sk,8.0
652,drystyx,9.0
652,CinemaSerf,6.0
652,RalphRahal,8.0
14160,r96sk,8.0
14160,Peter89Spencer,9.0
14160,CinemaSerf,7.0
14160,tmdb51616167,7.0
14160,griggs79,8.0
198184,Reno,8.0
9732,Gimly,4.0
400535,Gimly,7.0
400535,Stephen Campbell,7.0
400535,r96sk,7.0
746036,Manuel S√£o Bento,8.0
746036,r96sk,8.0
746036,CinemaSerf,7.0
746036,Hotplix,
746036,MovieGuys,4.0
746036,Hotplix,
746036,TheSceneSnobs,8.0
746036,Chandler Danier,4.0
746036,HappyPagan,7.0
127748,MoHA,
384018,SWITCH.,6.0
384018,Manuel S√£o Bento,5.0
384018,JPV852,5.0
384018,Gimly,5.0
384018,Peter89Spencer,10.0
384018,CinemaSerf,6.0
313369,Gimly,5.0
313369,üåπ Rose,10.0
313369,Per Gunnar Jonsson,6.0
313369,Reno,7.0
313369,r96sk,8.0
313369,beyondthecineramadome,10.0
313369,Filipe Manuel Neto,8.0
313369,Rob,9.0
313369,sp1cybo1,10.0
313369,RalphRahal,8.0
313369,CinemaSerf,7.0
615173,Chris Sawin,7.0
615173,MovieGuys,3.0
10198,tiailds,7.0
10198,Gimly,5.0
10198,r96sk,7.0
10198,CinemaSerf,7.0
